MJM3360 Plumbaginaceae_Plumbago_auriculata
Dino Dionaea_muscipula
Nera Nepenthes_rafflesiana
Neam Nepenthes_ampullaria
MJM2940 Ancistrocladus_robertsonianum
Achn	Actinidiaceae_Actinidia_chinensis
Cila	Cucurbitaceae_Citrullus_lanatus
Coca	Rubiaceae_Coffea_canephora
Musa	Musaceae_Musa_acuminata
Nenu	Nelumbonaceae_Nelumbo_nucifera
Pheq	Orchidaceae_Phalaenopsis_equestris
Phoe	Arecaceae_Phoenix_dactylifera
Elgu	Arecaceae_Elaeis_guineensis
Rara	Brassicaceae_Raphanus_raphanistrum
Utri	Lentibulariaceae_Utricularia_gibba
Caan	Solanaceae_Capsicum_annuum_var_glabriusculum
Acoerulea	Aquilegia_coerulea
Athaliana	Arabidopsis_thaliana
Atrichopoda	Amborella_trichopoda
Brapa	Brassica_rapa
Bstricta	Boechera_stricta
Cclementina	Citrus_clementina
Cpapaya	Carica_papaya
Crubella	Capsella_rubella
Csativus	Cucumis_sativus
Csinensis	Citrus_sinensis
Egrandis	Eucalyptus_grandis
Esalsugineum	Eutrema_salsugineum
Fvesca	Fragaria_vesca
Gmax	Glycine_max
Graimondii	Gossypium_raimondii
Lusitatissimum	Linum_usitatissimum
Mesculenta	Manihot_esculenta
Mguttatus	Mimulus_guttatus
Mtruncatula	Medicago_truncatula
Osativa	Oryza_sativa
Ppersica	Prunus_persica
Ptrichocarpa	Populus_trichocarpa
Rcommunis	Ricinus_communis
Slycopersicum	Solanum_lycopersicum
Spolyrhiza	Spirodela_polyrhiza
Spurpurea	Salix_purpurea
Tcacao	Theobroma_cacao
Vvinifera	Vitis_vinifera
Zmays	Zea_mays
YNFJ	Microteaceae_Microtea_debilis
RUUB	Physenaceae_Physena_madagascariensis
CVDF	Simmondsiaceae_Simmondsia_chinensis
HDSY	GREEN_Amaranthaceae_Aerva_javanica
PDQH	GREEN_Amaranthaceae_Aerva_lanata
ZBPY	GREEN_Amaranthaceae_Alternanthera_brasiliana
OHKC	GREEN_Amaranthaceae_Alternanthera_caracasana
Alph	GREEN_Amaranthaceae_Alternanthera_philoxeroides
BWRK	GREEN_Amaranthaceae_Alternanthera_sessilis
EYRD	GREEN_Amaranthaceae_Alternanthera_tenella
XSSD	GREEN_Amaranthaceae_Amaranthus_cruentus
Amhy	GREEN_Amaranthaceae_Amaranthus_hypochondriacus
AmhyPAC	GREEN_Amaranthaceae_Amaranthus_hypochondriacus_PAC
WMLW	GREEN_Amaranthaceae_Amaranthus_retroflexus
Amtr	GREEN_Amaranthaceae_Amaranthus_tricolor
CUTE	GREEN_Amaranthaceae_Blutaparon_vermiculare
MJM1665	GREEN_Amaranthaceae_Froelichia_latifolia
MJM1807	GREEN_Amaranthaceae_Gossypianthus_lanuginosus
Spol	GREEN_Chenopodiaceae_Spinacia_oleracea
Sufr	GREEN_Chenopodiaceae_Suaeda_fruticosa
Agsq	GREEN_Chenopodiaceae_Agriophyllum_squarrosum
ONLQ	GREEN_Chenopodiaceae_Atriplex_hortensis
AAXJ	GREEN_Chenopodiaceae_Atriplex_prostrata
CBJR	GREEN_Chenopodiaceae_Atriplex_rosea
WGET	GREEN_Chenopodiaceae_Bassia_scoparia
FVXD	GREEN_Chenopodiaceae_Beta_maritima
Beta	GREEN_Chenopodiaceae_Beta_vulgaris
Cham	GREEN_Chenopodiaceae_Chenopodium_giganteum
SMMC	GREEN_Chenopodiaceae_Chenopodium_quinoa
Haam	GREEN_Chenopodiaceae_Haloxylon_ammodendron
Krar	GREEN_Chenopodiaceae_Krascheninnikovia_arborescens
MJM2311	GREEN_Chenopodiaceae_Krascheninnikovia_lanata
Saeu	GREEN_Chenopodiaceae_Salicornia_europaea
SaeuGB	GREEN_Chenopodiaceae_Salicornia_europaeaGB
MJM1679	GREEN_Chenopodiaceae_Suaeda_linearis
MJM1677	GREEN_Achatocarpaceae_Phaulothamnus_spinescens
Aggi	GREEN_Caryophyllaceae_Agrostemma_githago
MJM1164	GREEN_Caryophyllaceae_Arenaria_serpyllifolia
MJM1767	GREEN_Caryophyllaceae_Cerastium_arvense
MJM1163	GREEN_Caryophyllaceae_Cerastium_fontanum_subsp_vulgare
CorSFB	GREEN_Caryophyllaceae_Corrigiola_litoralis
Coqu	GREEN_Caryophyllaceae_Colobanthus_quitensis
Dica	GREEN_Caryophyllaceae_Dianthus_caryophyllus
LCMsn	GREEN_Caryophyllaceae_Drymaria_cordata
MJM2503	GREEN_Caryophyllaceae_Drymaria_subumbellata
AreSFB	GREEN_Caryophyllaceae_Eremogone_procera
GypSFB	GREEN_Caryophyllaceae_Gypsophila_repens
HerSFB	GREEN_Caryophyllaceae_Herniaria_latifolia
HoncSFB	GREEN_Caryophyllaceae_Honckenya_peploides
IlleSFB	GREEN_Caryophyllaceae_Illecebrum_verticillatum
LepySFB	GREEN_Caryophyllaceae_Lepyrodiclis_stellarioides
RXEN	GREEN_Caryophyllaceae_Polycarpaea_repens
SKNL	GREEN_Caryophyllaceae_Saponaria_officinalis
OLES	GREEN_Caryophyllaceae_Schiedea_membranacea
SclSFB	GREEN_Caryophyllaceae_Scleranthus_polycarpos
Sico	GREEN_Caryophyllaceae_Silene_conica
FZQN	GREEN_Caryophyllaceae_Silene_latifolia
Sila	GREEN_Caryophyllaceae_Silene_latifolia_SRA
Sino	GREEN_Caryophyllaceae_Silene_noctiflora
Sipa	GREEN_Caryophyllaceae_Silene_paradoxa
Sivu_ALN	GREEN_Caryophyllaceae_Silene_vulgaris_ALN
Sivu	GREEN_Caryophyllaceae_Silene_vulgaris
TJES	GREEN_Caryophyllaceae_Spergularia_media
TelSFB	GREEN_Caryophyllaceae_Telephium_imperati
VeleSFB	GREEN_Caryophyllaceae_Velezia_rigida
MJM1652	Droseraceae_Aldrovanda_vesiculosa
Dimu	Droseraceae_Dionaea_muscipula
DrobinSFB	Droseraceae_Drosera_binata
DrolusSFB	Drosophyllaceae_Drosophyllum_lusitanicum
WPYJ	Frankeniaceae_Frankenia_laevis
NepSFB	Nepenthaceae_Nepenthes_alata_SFB
WQUF	Nepenthaceae_Nepenthes_alata
WOBD	Plumbaginaceae_Limonium_spectabile
CGGO	Plumbaginaceae_Plumbago_auriculata
MJM1811	Polygonaceae_Antigonon_leptopus
EmexSFB	Polygonaceae_Emex_spinosa
Faes	Polygonaceae_Fagopyrum_esculentum
Fata	Polygonaceae_Fagopyrum_tataricum
FYSJ	Polygonaceae_Fallopia_convolvulus
MJM1170	Polygonaceae_Muehlenbeckia_platyclada
Pomi	Polygonaceae_Persicaria_minor
Pomi2	Polygonaceae_Persicaria_minor2
Poti	Polygonaceae_Persicaria_tinctorium
MJM1162	Polygonaceae_Persicaria_virginiana
MJM2667	Polygonaceae_Polygonum_aviculare
PterSFB	Polygonaceae_Pterostegia_drymarioides
Pocu	Polygonaceae_Reynoutria_japonica
Rhno	Polygonaceae_Rheum_nobile
Rhrh	Polygonaceae_Rheum_rhabarbarum
Ruac	Polygonaceae_Rumex_acetosa
Ruha	Polygonaceae_Rumex_hastatulus
Rupa	Polygonaceae_Rumex_palustris
RuprSFB	Polygonaceae_Ruprechtia_salicifolia
Retr	Tamaricaceae_Reaumuria_trigyna
#Tama	Tamaricaceae_Tamarix_hispida
GJNX	RED_Aizoaceae_Cypselea_humifusa
BJKT	RED_Aizoaceae_Delosperma_echinatum
Mecr	RED_Aizoaceae_Mesembryanthemum_crystallinum
HZTS	RED_Aizoaceae_Sesuvium_portulacastrum
EDIT	RED_Aizoaceae_Sesuvium_verrucosum
OMYK	RED_Aizoaceae_Trianthema_portulacastrum
Trpo	RED_Aizoaceae_Trianthema_portulacastrum_SRA
BERS	RED_Aizoaceae_Zaleya_pentandra
MJM1751	RED_Nyctaginaceae_Abronia_nealleyi
MJM2247	RED_Nyctaginaceae_Acleisanthes_acutifolia
MJM2246	RED_Nyctaginaceae_Acleisanthes_chenopodioides
MJM1741	RED_Nyctaginaceae_Acleisanthes_lanceolata
MJM1697	RED_Nyctaginaceae_Acleisanthes_obtusa
EGOS	RED_Nyctaginaceae_Allionia_incarnata
DVXD	RED_Nyctaginaceae_Allionia_incarnata2
MJM2362	RED_Nyctaginaceae_Anulocaulis_eriosolenus
MJM1070	RED_Nyctaginaceae_Anulocaulis_leiosolenus_var_gypsogenus
VJPU	RED_Nyctaginaceae_Boerhavia_burbidgeana
ZBTA	RED_Nyctaginaceae_Boerhavia_coccinea
Boco	RED_Nyctaginaceae_Boerhavia_coccinea
MJM2201	RED_Nyctaginaceae_Boerhavia_purpurascens
MJM2202	RED_Nyctaginaceae_Boerhavia_torreyana
JAFJ	RED_Nyctaginaceae_Bougainvillea_spectabilis
SFB32	RED_Nyctaginaceae_Bougainvillea_stipitata
MJM1714	RED_Nyctaginaceae_Cyphomeris_gypsophiloides
SFB27	RED_Nyctaginaceae_Guapira_obtusata
JGAB	RED_Nyctaginaceae_Mirabilis_jalapa
Mija	RED_Nyctaginaceae_Mirabilis_jalapa_SRA
MJM1771	RED_Nyctaginaceae_Mirabilis_multiflora
MJM2585	RED_Nyctaginaceae_Nyctaginia_capitata
SFB28	RED_Nyctaginaceae_Pisonia_aculeata
SFB29	RED_Nyctaginaceae_Pisonia_umbellifera
AniSFB	RED_Phytolaccaceae_Anisomeria_littoralis
MJM1649	RED_Phytolaccaceae_Ercilla_volubilis
BKQU	RED_Phytolaccaceae_Phytolacca_americana
MRKX	RED_Phytolaccaceae_Phytolacca_bogotensis
SFB31	RED_Phytolaccaceae_Phytolacca_dioica
SFKQ	RED_Rivinaceae_Hilleria_latifolia
AZBL	RED_Rivinaceae_Petiveria_alliacea
MJM1651	RED_Rivinaceae_Rivina_humilis
SFB30	RED_Rivinaceae_Seguieria_aculeata
MJM1773	RED_Sarcobataceae_Sarcobatus_vermiculatus_MJM
GIWN	RED_Sarcobataceae_Sarcobatus_vermiculatus
Anfi	BLUE_Anacampserotaceae_Anacampseros_filamentosa
MJM2441	BLUE_Anacampserotaceae_Talinopsis_frutescens
CTYH	BLUE_Basellaceae_Basella_alba
Ecpe	BLUE_Cactaceae_Echinocereus_pectinatus
Lebl	BLUE_Cactaceae_Leuenbergeria_bleo
Lely	BLUE_Cactaceae_Leuenbergeria_lychnidiflora
CPKP	BLUE_Cactaceae_Lophophora_williamsii
Noco	BLUE_Cactaceae_Nopalea_cochenillifera
JLOV	BLUE_Cactaceae_Pereskia_aculeata
Pegr	BLUE_Cactaceae_Pereskia_grandifolia
RNBN	BLUE_Molluginaceae_Mollugo_cerviana
SCAO	BLUE_Molluginaceae_Mollugo_nudicaulis
HURS	BLUE_Molluginaceae_Mollugo_pentaphylla
NXTS	BLUE_Molluginaceae_Mollugo_verticillata
MJM1156	BLUE_Montiaceae_Claytonia_virginica
MJM2214	BLUE_Montiaceae_Phemeranthus_parviflorus
LDEL	BLUE_Portulacaceae_Portulaca_amilis
LLQV	BLUE_Portulacaceae_Portulaca_cryptopetala
CPLT	BLUE_Portulacaceae_Portulaca_grandiflora
UQCB	BLUE_Portulacaceae_Portulaca_molokiniensis
EZGR	BLUE_Portulacaceae_Portulaca_oleracea
Pool	BLUE_Portulacaceae_Portulaca_oleracea_SRA
IWIS	BLUE_Portulacaceae_Portulaca_pilosa
GCYL	BLUE_Portulacaceae_Portulaca_suffrutescens
KDCH	BLUE_Portulacaceae_Portulaca_umbraticola
MJM1789	BLUE_Talinaceae_Talinum_paniculatum
Tapo	BLUE_Talinaceae_Talinum_portulacifolium
LKKX	BLUE_Talinaceae_Talinum_sp

